<?xml version="1.0" encoding="utf-8"?>
<!--/613136/1553295/2.50/22/4/Connector/-->
<quadcept_library>
  <setting unit="mil" />
  <textstyle name="Default" height="47.244094488189" strokewidth="7.8740157480315" charwidth="47.244094488189" />
  <textstyle name="Dimension" height="19.6850393700787" strokewidth="0" charwidth="19.6850393700787" />
  <textstyle name="H127W0635TH00762" height="50" strokewidth="3" charwidth="25" />
  <textstyle name="H15W15TH02" height="59.0551181102362" strokewidth="7.8740157480315" charwidth="59.0551181102362" />
  <padstyle name="r400_85" surface="True" plated="False" isvia="False" nopaste="False" nomask="True" complex="False" holesize="0">
    <padshape layer="TOP" shape="rectangle" width="33.464566929133" height="157.48031496063" />
    <padshape layer="TOP_SOLDER_MASK" shape="rectangle" width="41.338582677165" height="165.35433070866" />
    <padshape layer="TOP_SOLDER_PASTE" shape="rectangle" width="33.464566929133" height="157.48031496063" />
  </padstyle>
  <padstyle name="c238_h238" surface="False" plated="True" isvia="False" nopaste="True" nomask="True" complex="False" holesize="93.700787401574">
    <padshape layer="TOP" shape="round" width="93.700787401574" height="93.700787401574" />
    <padshape layer="TOP_SOLDER_MASK" shape="round" width="101.57480314961" height="101.57480314961" />
    <padshape layer="INNER" shape="round" width="93.700787401574" height="93.700787401574" />
    <padshape layer="BOTTOM" shape="round" width="93.700787401574" height="93.700787401574" />
    <padshape layer="BOTTOM_SOLDER_MASK" shape="round" width="101.57480314961" height="101.57480314961" />
  </padstyle>
  <padstyle name="c268_h268" surface="False" plated="True" isvia="False" nopaste="True" nomask="True" complex="False" holesize="105.51181102362">
    <padshape layer="TOP" shape="round" width="105.51181102362" height="105.51181102362" />
    <padshape layer="TOP_SOLDER_MASK" shape="round" width="113.38582677165" height="113.38582677165" />
    <padshape layer="INNER" shape="round" width="105.51181102362" height="105.51181102362" />
    <padshape layer="BOTTOM" shape="round" width="105.51181102362" height="105.51181102362" />
    <padshape layer="BOTTOM_SOLDER_MASK" shape="round" width="113.38582677165" height="113.38582677165" />
  </padstyle>
  <footprint name="87713-1001" originx="0" originy="0" pickpointx="0" pickpointy="0">
    <pcbpin number="1" name="1" style="r400_85" originx="-624.99999999999" originy="39.370078740157" rotation="0" />
    <pcbpin number="2" name="2" style="r400_85" originx="-574.99999999999" originy="39.370078740157" rotation="0" />
    <pcbpin number="3" name="3" style="r400_85" originx="-524.99999999999" originy="39.370078740157" rotation="0" />
    <pcbpin number="4" name="4" style="r400_85" originx="-474.99999999999" originy="39.370078740157" rotation="0" />
    <pcbpin number="5" name="5" style="r400_85" originx="-424.99999999999" originy="39.370078740157" rotation="0" />
    <pcbpin number="6" name="6" style="r400_85" originx="-375" originy="39.370078740157" rotation="0" />
    <pcbpin number="7" name="7" style="r400_85" originx="-325" originy="39.370078740157" rotation="0" />
    <pcbpin number="8" name="8" style="r400_85" originx="-74.999999999999" originy="39.370078740157" rotation="0" />
    <pcbpin number="9" name="9" style="r400_85" originx="-25" originy="39.370078740157" rotation="0" />
    <pcbpin number="10" name="10" style="r400_85" originx="25" originy="39.370078740157" rotation="0" />
    <pcbpin number="11" name="11" style="r400_85" originx="74.999999999999" originy="39.370078740157" rotation="0" />
    <pcbpin number="12" name="12" style="r400_85" originx="125" originy="39.370078740157" rotation="0" />
    <pcbpin number="13" name="13" style="r400_85" originx="175" originy="39.370078740157" rotation="0" />
    <pcbpin number="14" name="14" style="r400_85" originx="225" originy="39.370078740157" rotation="0" />
    <pcbpin number="15" name="15" style="r400_85" originx="275" originy="39.370078740157" rotation="0" />
    <pcbpin number="16" name="16" style="r400_85" originx="325" originy="39.370078740157" rotation="0" />
    <pcbpin number="17" name="17" style="r400_85" originx="375" originy="39.370078740157" rotation="0" />
    <pcbpin number="18" name="18" style="r400_85" originx="424.99999999999" originy="39.370078740157" rotation="0" />
    <pcbpin number="19" name="19" style="r400_85" originx="474.99999999999" originy="39.370078740157" rotation="0" />
    <pcbpin number="20" name="20" style="r400_85" originx="524.99999999999" originy="39.370078740157" rotation="0" />
    <pcbpin number="21" name="21" style="r400_85" originx="574.99999999999" originy="39.370078740157" rotation="0" />
    <pcbpin number="22" name="22" style="r400_85" originx="624.99999999999" originy="39.370078740157" rotation="0" />
    <pcbpin number="23" name="23" style="c238_h238" originx="-762.40157480314" originy="0" rotation="90" />
    <pcbpin number="24" name="24" style="c268_h268" originx="762.40157480314" originy="0" rotation="90" />
    <line layer="TOP_ASSEMBLY" originx="-841.14173228345" originy="118.11023622047" endx="841.14173228345" endy="118.11023622047" width="9.9999999999999" />
    <line layer="TOP_ASSEMBLY" originx="841.14173228345" originy="118.11023622047" endx="841.14173228345" endy="-118.11023622047" width="9.9999999999999" />
    <line layer="TOP_ASSEMBLY" originx="841.14173228345" originy="-118.11023622047" endx="-841.14173228345" endy="-118.11023622047" width="9.9999999999999" />
    <line layer="TOP_ASSEMBLY" originx="-841.14173228345" originy="-118.11023622047" endx="-841.14173228345" endy="118.11023622047" width="9.9999999999999" />
    <line layer="TOP_SILKSCREEN" originx="-841.14173228345" originy="118.11023622047" endx="-841.14173228345" endy="-118.11023622047" width="9.9999999999999" />
    <line layer="TOP_SILKSCREEN" originx="-841.14173228345" originy="-118.11023622047" endx="841.14173228345" endy="-118.11023622047" width="9.9999999999999" />
    <line layer="TOP_SILKSCREEN" originx="841.14173228345" originy="-118.11023622047" endx="841.14173228345" endy="118.11023622047" width="9.9999999999999" />
    <line layer="TOP_SILKSCREEN" originx="841.14173228345" originy="118.11023622047" endx="660.9842519685" endy="118.11023622047" width="9.9999999999999" />
    <line layer="TOP_SILKSCREEN" originx="-841.14173228345" originy="118.11023622047" endx="-663.77952755905" endy="118.11023622047" width="9.9999999999999" />
  </footprint>
  <symbol name="0877131001" originx="0" originy="0">
    <line originx="200" originy="100" endx="700" endy="100" width="0" />
    <line originx="700" originy="-2200" endx="700" endy="100" width="0" />
    <line originx="700" originy="-2200" endx="200" endy="-2200" width="0" />
    <line originx="200" originy="100" endx="200" endy="-2200" width="0" />
    <sympin number="1" originx="200" originy="0" rotation="180" length="100" width="7.8740157480315" flipped="False">
      <text name="pinname" originx="230" originy="0" style="Default" rotation="0" justify="left" flipped="False" hidden="False" data="S1" />
      <text name="pindes" originx="140" originy="20" style="Default" rotation="0" justify="lowerright" flipped="False" hidden="False" data="1" />
    </sympin>
    <sympin number="2" originx="200" originy="-100" rotation="180" length="100" width="7.8740157480315" flipped="False">
      <text name="pinname" originx="230" originy="-100" style="Default" rotation="0" justify="left" flipped="False" hidden="False" data="S2" />
      <text name="pindes" originx="140" originy="-80" style="Default" rotation="0" justify="lowerright" flipped="False" hidden="False" data="2" />
    </sympin>
    <sympin number="3" originx="200" originy="-200" rotation="180" length="100" width="7.8740157480315" flipped="False">
      <text name="pinname" originx="230" originy="-200" style="Default" rotation="0" justify="left" flipped="False" hidden="False" data="S3" />
      <text name="pindes" originx="140" originy="-180" style="Default" rotation="0" justify="lowerright" flipped="False" hidden="False" data="3" />
    </sympin>
    <sympin number="4" originx="200" originy="-300" rotation="180" length="100" width="7.8740157480315" flipped="False">
      <text name="pinname" originx="230" originy="-300" style="Default" rotation="0" justify="left" flipped="False" hidden="False" data="S4" />
      <text name="pindes" originx="140" originy="-280" style="Default" rotation="0" justify="lowerright" flipped="False" hidden="False" data="4" />
    </sympin>
    <sympin number="5" originx="200" originy="-400" rotation="180" length="100" width="7.8740157480315" flipped="False">
      <text name="pinname" originx="230" originy="-400" style="Default" rotation="0" justify="left" flipped="False" hidden="False" data="S5" />
      <text name="pindes" originx="140" originy="-380" style="Default" rotation="0" justify="lowerright" flipped="False" hidden="False" data="5" />
    </sympin>
    <sympin number="6" originx="200" originy="-500" rotation="180" length="100" width="7.8740157480315" flipped="False">
      <text name="pinname" originx="230" originy="-500" style="Default" rotation="0" justify="left" flipped="False" hidden="False" data="S6" />
      <text name="pindes" originx="140" originy="-480" style="Default" rotation="0" justify="lowerright" flipped="False" hidden="False" data="6" />
    </sympin>
    <sympin number="7" originx="200" originy="-600" rotation="180" length="100" width="7.8740157480315" flipped="False">
      <text name="pinname" originx="230" originy="-600" style="Default" rotation="0" justify="left" flipped="False" hidden="False" data="S7" />
      <text name="pindes" originx="140" originy="-580" style="Default" rotation="0" justify="lowerright" flipped="False" hidden="False" data="7" />
    </sympin>
    <sympin number="8" originx="200" originy="-700" rotation="180" length="100" width="7.8740157480315" flipped="False">
      <text name="pinname" originx="230" originy="-700" style="Default" rotation="0" justify="left" flipped="False" hidden="False" data="P1" />
      <text name="pindes" originx="140" originy="-680" style="Default" rotation="0" justify="lowerright" flipped="False" hidden="False" data="8" />
    </sympin>
    <sympin number="9" originx="200" originy="-800" rotation="180" length="100" width="7.8740157480315" flipped="False">
      <text name="pinname" originx="230" originy="-800" style="Default" rotation="0" justify="left" flipped="False" hidden="False" data="P2" />
      <text name="pindes" originx="140" originy="-780" style="Default" rotation="0" justify="lowerright" flipped="False" hidden="False" data="9" />
    </sympin>
    <sympin number="10" originx="200" originy="-900" rotation="180" length="100" width="7.8740157480315" flipped="False">
      <text name="pinname" originx="230" originy="-900" style="Default" rotation="0" justify="left" flipped="False" hidden="False" data="P3" />
      <text name="pindes" originx="140" originy="-880" style="Default" rotation="0" justify="lowerright" flipped="False" hidden="False" data="10" />
    </sympin>
    <sympin number="11" originx="200" originy="-1000" rotation="180" length="100" width="7.8740157480315" flipped="False">
      <text name="pinname" originx="230" originy="-1000" style="Default" rotation="0" justify="left" flipped="False" hidden="False" data="P4" />
      <text name="pindes" originx="140" originy="-980" style="Default" rotation="0" justify="lowerright" flipped="False" hidden="False" data="11" />
    </sympin>
    <sympin number="12" originx="200" originy="-1100" rotation="180" length="100" width="7.8740157480315" flipped="False">
      <text name="pinname" originx="230" originy="-1100" style="Default" rotation="0" justify="left" flipped="False" hidden="False" data="P5" />
      <text name="pindes" originx="140" originy="-1080" style="Default" rotation="0" justify="lowerright" flipped="False" hidden="False" data="12" />
    </sympin>
    <sympin number="13" originx="200" originy="-1200" rotation="180" length="100" width="7.8740157480315" flipped="False">
      <text name="pinname" originx="230" originy="-1200" style="Default" rotation="0" justify="left" flipped="False" hidden="False" data="P6" />
      <text name="pindes" originx="140" originy="-1180" style="Default" rotation="0" justify="lowerright" flipped="False" hidden="False" data="13" />
    </sympin>
    <sympin number="14" originx="200" originy="-1300" rotation="180" length="100" width="7.8740157480315" flipped="False">
      <text name="pinname" originx="230" originy="-1300" style="Default" rotation="0" justify="left" flipped="False" hidden="False" data="P7" />
      <text name="pindes" originx="140" originy="-1280" style="Default" rotation="0" justify="lowerright" flipped="False" hidden="False" data="14" />
    </sympin>
    <sympin number="15" originx="200" originy="-1400" rotation="180" length="100" width="7.8740157480315" flipped="False">
      <text name="pinname" originx="230" originy="-1400" style="Default" rotation="0" justify="left" flipped="False" hidden="False" data="P8" />
      <text name="pindes" originx="140" originy="-1380" style="Default" rotation="0" justify="lowerright" flipped="False" hidden="False" data="15" />
    </sympin>
    <sympin number="16" originx="200" originy="-1500" rotation="180" length="100" width="7.8740157480315" flipped="False">
      <text name="pinname" originx="230" originy="-1500" style="Default" rotation="0" justify="left" flipped="False" hidden="False" data="P9" />
      <text name="pindes" originx="140" originy="-1480" style="Default" rotation="0" justify="lowerright" flipped="False" hidden="False" data="16" />
    </sympin>
    <sympin number="17" originx="200" originy="-1600" rotation="180" length="100" width="7.8740157480315" flipped="False">
      <text name="pinname" originx="230" originy="-1600" style="Default" rotation="0" justify="left" flipped="False" hidden="False" data="P10" />
      <text name="pindes" originx="140" originy="-1580" style="Default" rotation="0" justify="lowerright" flipped="False" hidden="False" data="17" />
    </sympin>
    <sympin number="18" originx="200" originy="-1700" rotation="180" length="100" width="7.8740157480315" flipped="False">
      <text name="pinname" originx="230" originy="-1700" style="Default" rotation="0" justify="left" flipped="False" hidden="False" data="P11" />
      <text name="pindes" originx="140" originy="-1680" style="Default" rotation="0" justify="lowerright" flipped="False" hidden="False" data="18" />
    </sympin>
    <sympin number="19" originx="200" originy="-1800" rotation="180" length="100" width="7.8740157480315" flipped="False">
      <text name="pinname" originx="230" originy="-1800" style="Default" rotation="0" justify="left" flipped="False" hidden="False" data="P12" />
      <text name="pindes" originx="140" originy="-1780" style="Default" rotation="0" justify="lowerright" flipped="False" hidden="False" data="19" />
    </sympin>
    <sympin number="20" originx="200" originy="-1900" rotation="180" length="100" width="7.8740157480315" flipped="False">
      <text name="pinname" originx="230" originy="-1900" style="Default" rotation="0" justify="left" flipped="False" hidden="False" data="P13" />
      <text name="pindes" originx="140" originy="-1880" style="Default" rotation="0" justify="lowerright" flipped="False" hidden="False" data="20" />
    </sympin>
    <sympin number="21" originx="200" originy="-2000" rotation="180" length="100" width="7.8740157480315" flipped="False">
      <text name="pinname" originx="230" originy="-2000" style="Default" rotation="0" justify="left" flipped="False" hidden="False" data="P14" />
      <text name="pindes" originx="140" originy="-1980" style="Default" rotation="0" justify="lowerright" flipped="False" hidden="False" data="21" />
    </sympin>
    <sympin number="22" originx="200" originy="-2100" rotation="180" length="100" width="7.8740157480315" flipped="False">
      <text name="pinname" originx="230" originy="-2100" style="Default" rotation="0" justify="left" flipped="False" hidden="False" data="P15" />
      <text name="pindes" originx="140" originy="-2080" style="Default" rotation="0" justify="lowerright" flipped="False" hidden="False" data="22" />
    </sympin>
  </symbol>
  <component name="0877131001" designatorprefix="J" height="0" footprint="87713-1001">
    <comppin designator="1" sympin="1" pinswap="0" gateswap="0" gate="1" group="1" side="" type="Any" name="S1" />
    <comppin designator="2" sympin="2" pinswap="0" gateswap="0" gate="1" group="1" side="" type="Any" name="S2" />
    <comppin designator="3" sympin="3" pinswap="0" gateswap="0" gate="1" group="1" side="" type="Any" name="S3" />
    <comppin designator="4" sympin="4" pinswap="0" gateswap="0" gate="1" group="1" side="" type="Any" name="S4" />
    <comppin designator="5" sympin="5" pinswap="0" gateswap="0" gate="1" group="1" side="" type="Any" name="S5" />
    <comppin designator="6" sympin="6" pinswap="0" gateswap="0" gate="1" group="1" side="" type="Any" name="S6" />
    <comppin designator="7" sympin="7" pinswap="0" gateswap="0" gate="1" group="1" side="" type="Any" name="S7" />
    <comppin designator="8" sympin="8" pinswap="0" gateswap="0" gate="1" group="1" side="" type="Any" name="P1" />
    <comppin designator="9" sympin="9" pinswap="0" gateswap="0" gate="1" group="1" side="" type="Any" name="P2" />
    <comppin designator="10" sympin="10" pinswap="0" gateswap="0" gate="1" group="1" side="" type="Any" name="P3" />
    <comppin designator="11" sympin="11" pinswap="0" gateswap="0" gate="1" group="1" side="" type="Any" name="P4" />
    <comppin designator="12" sympin="12" pinswap="0" gateswap="0" gate="1" group="1" side="" type="Any" name="P5" />
    <comppin designator="13" sympin="13" pinswap="0" gateswap="0" gate="1" group="1" side="" type="Any" name="P6" />
    <comppin designator="14" sympin="14" pinswap="0" gateswap="0" gate="1" group="1" side="" type="Any" name="P7" />
    <comppin designator="15" sympin="15" pinswap="0" gateswap="0" gate="1" group="1" side="" type="Any" name="P8" />
    <comppin designator="16" sympin="16" pinswap="0" gateswap="0" gate="1" group="1" side="" type="Any" name="P9" />
    <comppin designator="17" sympin="17" pinswap="0" gateswap="0" gate="1" group="1" side="" type="Any" name="P10" />
    <comppin designator="18" sympin="18" pinswap="0" gateswap="0" gate="1" group="1" side="" type="Any" name="P11" />
    <comppin designator="19" sympin="19" pinswap="0" gateswap="0" gate="1" group="1" side="" type="Any" name="P12" />
    <comppin designator="20" sympin="20" pinswap="0" gateswap="0" gate="1" group="1" side="" type="Any" name="P13" />
    <comppin designator="21" sympin="21" pinswap="0" gateswap="0" gate="1" group="1" side="" type="Any" name="P14" />
    <comppin designator="22" sympin="22" pinswap="0" gateswap="0" gate="1" group="1" side="" type="Any" name="P15" />
    <attached_symbol gate="1" name="0877131001" />
    <pinmap designator="1" footprintpin="1" />
    <pinmap designator="2" footprintpin="2" />
    <pinmap designator="3" footprintpin="3" />
    <pinmap designator="4" footprintpin="4" />
    <pinmap designator="5" footprintpin="5" />
    <pinmap designator="6" footprintpin="6" />
    <pinmap designator="7" footprintpin="7" />
    <pinmap designator="8" footprintpin="8" />
    <pinmap designator="9" footprintpin="9" />
    <pinmap designator="10" footprintpin="10" />
    <pinmap designator="11" footprintpin="11" />
    <pinmap designator="12" footprintpin="12" />
    <pinmap designator="13" footprintpin="13" />
    <pinmap designator="14" footprintpin="14" />
    <pinmap designator="15" footprintpin="15" />
    <pinmap designator="16" footprintpin="16" />
    <pinmap designator="17" footprintpin="17" />
    <pinmap designator="18" footprintpin="18" />
    <pinmap designator="19" footprintpin="19" />
    <pinmap designator="20" footprintpin="20" />
    <pinmap designator="21" footprintpin="21" />
    <pinmap designator="22" footprintpin="22" />
    <text name="Datasheet" originx="0" originy="0" style="Default" rotation="0" justify="" flipped="False" hidden="True" data="http://www.molex.com/pdm_docs/sd/877131001_sd.pdf" />
    <text name="Description" originx="0" originy="0" style="Default" rotation="0" justify="" flipped="False" hidden="True" data="CONN RCPT 22POS STR .05&quot; SMD AU" />
    <text name="Manufacturer_Name" originx="0" originy="0" style="Default" rotation="0" justify="" flipped="False" hidden="True" data="Molex" />
    <text name="Manufacturer_Part_Number" originx="750" originy="200" style="Default" rotation="0" justify="left" flipped="False" hidden="False" data="0877131001" />
    <text name="Mouser Part Number" originx="0" originy="0" style="Default" rotation="0" justify="" flipped="False" hidden="True" data="N/A" />
    <text name="Mouser Price/Stock" originx="0" originy="0" style="Default" rotation="0" justify="" flipped="False" hidden="True" data="https://www.mouser.co.uk/ProductDetail/Molex/0877131001?qs=PBcRNPEHKspplW%252BmhlTGqA%3D%3D" />
    <text name="Arrow Part Number" originx="0" originy="0" style="Default" rotation="0" justify="" flipped="False" hidden="True" data="0877131001" />
    <text name="Arrow Price/Stock" originx="0" originy="0" style="Default" rotation="0" justify="" flipped="False" hidden="True" data="https://www.arrow.com/en/products/0877131001/molex?region=nac" />
  </component>
</quadcept_library>
